Thumbnails,Title,Quantity,SKU,Category,SubCategory
https://lh3.googleusercontent.com/d/1K0aXhGvM80qjf800tHb4YcwGs0jQQqw4,BLS Shelf Cart Extras,1,101,Task Trainers,BLS
https://lh3.googleusercontent.com/d/1D-BPGvrLB3YnOPz_Rml_6v-oo-DxMOXj,BLS Stretcher ,4,102,Task Trainers,BLS
https://lh3.googleusercontent.com/d/1ZYw4j3oghsMCPTjhrPEB1iOfhHixghMg,CPR Cart,5,104,Task Trainers,Carts
https://lh3.googleusercontent.com/d/1kqmEur3WdkKcys8kACvulQSbK2d09eeT,First Five Minutes Cart,2,105,Task Trainers,Carts
https://lh3.googleusercontent.com/d/13FcipOnARQfY2glOkE1iFgfWHP4tQdyN,IO Kit,3,106,Task Trainers,Circulation
https://lh3.googleusercontent.com/d/1Yql628tDmbPBSaLRRu-M1gRldxxjRoe3,Mock Crash Cart,1,107,Medical Devices,Carts
https://lh3.googleusercontent.com/d/1wbW_VrmOhdxYtRczTVL5WhMUw8jrvRJ6,Red Drug Bag,4,108,Simulated Equipment,Mock Medicine
https://lh3.googleusercontent.com/d/1qUzVLUzz7NOGuD4rnks-JacJx5OaGM1V,Sim Monitor App w/Set of 2 iPads,1,109,Simulated Equipment,App
https://lh3.googleusercontent.com/d/164cXdUwMLdxyLtfK8Ykz4af96v3Vl25k,Sim Ultrasound App w/Set of 2 iPads,1,110,Simulated Equipment,App
https://lh3.googleusercontent.com/d/1_G4JeZDpTtK5_k4J-Hww8Qnc8P_EtohA,Sim To Go Cart,1,111,All,Carts
https://lh3.googleusercontent.com/d/1rn4XQqSdfA0PjS_MfkNQmwE1whbPXkK5,ResusMonitor Website,1,112,Simulated Equipment,App
https://lh3.googleusercontent.com/d/16Ls7uX9jNuTluKaYOYc3E721uiLjLrhQ,Simulated Ice Bag,1,113,Simulated Equipment,Prop
https://lh3.googleusercontent.com/d/1kZ9_fmLLn2rK3WBwKxBd22hXR4INNEdO,Simulated Glucometer,1,114,Simulated Equipment,App
https://lh3.googleusercontent.com/d/1r_Iqw4b8uhLkckAWSqZJQQX5BAyhEO_G,HAL 1 (Max),1,201,Simulators,Child
https://lh3.googleusercontent.com/d/1QQYqk2_9QgI4T4hypG4LgUZhzxH9GIsk,HAL 1 (Frank),1,201,Simulators,Child
https://lh3.googleusercontent.com/d/1Lni1T2zLqgKkb_7ouUtznDvaHwm3DFvW,HAL 5 (Lefty),1,202,Simulators,Child
https://lh3.googleusercontent.com/d/1qZEDKL3qUInoW8qOod1WhlJfMpzEp_i8,Premie HAL (Peter),1,203,Simulators,Infant
https://lh3.googleusercontent.com/d/1CkDG4P5wRlIHMJPJ0RKxOj1djhLeooXs,Sim Baby (Simone),1,204,Simulators,Infant
https://lh3.googleusercontent.com/d/1Nc0_jH-dRw_hHbS3yMKcLEggD31TdbVh,Sim Baby Classic (TDB),1,205,Simulators,Infant
https://lh3.googleusercontent.com/d/1iLyPOkvcPVuGLfEOfbnCgMBEdEeq7PfX,Sim Junior (Goldy),1,206,Simulators,Child
https://lh3.googleusercontent.com/d/1CxAet1qU_wqxwG3jgkd_yKpYPV9jhj5Q,Sim Junior (Jackie),1,206,Simulators,Child
https://lh3.googleusercontent.com/d/1scV-2p0cNbCph3pRCPrE_UEtXYRBSOX8,Sim Mom (Leslie),1,208,Simulators,Adult
https://lh3.googleusercontent.com/d/1Hjh5HTxH8vuyGQ_Dlwz3WgTp9YbWBYZy,Sim Mom (Theresa),1,209,Simulators,Adult
https://lh3.googleusercontent.com/d/12uGjdWibYnHaKWhU8EWbzk2xLqu_VaQo,Sim Newbie Classic (Greg),1,210,Simulators,Infant
https://lh3.googleusercontent.com/d/1SFERlFlUeKN5AbeAoUWAIhIX5SZcUVKA,Premature Anne,1,211,Simulators,Infant
https://lh3.googleusercontent.com/d/1GIVvzhnELNZO4HUnlBNLRmpvKCjZE5Fc,IV Task Trainer,5,301,Task Trainers,Circulation
https://lh3.googleusercontent.com/d/1IPjAJ6fQOSjrPQpEWObYn1hmBuj_uYtv,Little Anne QCPR,1,302,Task Trainers,BLS
https://lh3.googleusercontent.com/d/1gsuBPr5CanxN9vbvBmkdyvKOhhZ5zFI8,Intubation Head Adult,2,303,Task Trainers,Airway
https://lh3.googleusercontent.com/d/1j7MkkS0tNxercxzeyLIS5EpWznP47ZfK,Intubation Head Infant,2,304,Task Trainers,Airway
https://lh3.googleusercontent.com/d/1qWc1GTqpTPtdSrFKFpDofrFLypRnYby8,Little Baby QCPR,1,305,Task Trainers,BLS
https://lh3.googleusercontent.com/d/1zdLdY0nqh71QkWg0tYMUojVs1dkcwtxd,Little Junior QCPR ,1,306,Task Trainers,BLS
https://lh3.googleusercontent.com/d/1c5vDmTrVrCk999NJSbxU4AVvIzfCbaXd,TraumaMan w/Surgical Abdomen,1,307,Task Trainers,Multiple
https://lh3.googleusercontent.com/d/1F1k-GpwqvSerTNDPqWjJjMQlzqeDwuwN,Ultrasound IV Task Trainer ,2,308,Task Trainers,Circulation
https://lh3.googleusercontent.com/d/19SHu57dBrb1gjqrjUaghfes0KS596O-D,Cricothyrotomy Trainer,1,309,Task Trainers,Airway
https://lh3.googleusercontent.com/d/1lhrTRsDLr3_UUPNyN7VHh6bC4OCHvLkc,Mama Birthie,1,310,Task Trainers,Wearable
https://lh3.googleusercontent.com/d/1YYPrd8aWBPstHtIlwZ5cYrUcMJABhtfz,Mama Natalie,1,311,Task Trainers,Wearable
https://lh3.googleusercontent.com/d/1Lw0GzVr1lVdwhiE2t4tFFLNwSdYSMUfB,Chester Chest,1,312,Task Trainers,Circulation
https://lh3.googleusercontent.com/d/10p9lJ3n6vyWO4FHpit0-Nc7o7oh9en6P,Chest Drain Insertion Simulator,1,313,Task Trainers,Breathing
https://lh3.googleusercontent.com/d/1XTlIrnqu9fJ-xxme9POYUPVKinIzAD3K,Vascular Access Child,1,314,Task Trainers,Circulation
https://lh3.googleusercontent.com/d/1nJZDJAMlTwb7OhMfsQlwYzFGhtYIG876,Femoral Line Man,1,315,Task Trainers,Circulation
https://lh3.googleusercontent.com/d/10KT2G7UWC_tUpodZf_qZ77teMTmccPIG,Pediatric Intubation Trainer Torso,3,316,Task Trainers,Airway
https://lh3.googleusercontent.com/d/190VOxpIyBfPO2nkJC847LZlMsSpog2XV,Baby Anne,11,317,Task Trainers,Manikins
https://lh3.googleusercontent.com/d/1-MTxI2ZFPpunL0f1dQLEdI4k9uWsbUMG,Resusci Junior Basic,2,318,Task Trainers,Manikins
https://lh3.googleusercontent.com/d/1-sY64G6NHB6v1_CeK0VLPvDE03Z6gK9A,Jaw Thrust Kyle CPR,3,319,Task Trainers,Manikins
https://lh3.googleusercontent.com/d/1dUEFt1jGLCteTugL-YmMcd9TiYWgFURo,Kim Newborn CPR,4,320,Task Trainers,Manikins
https://lh3.googleusercontent.com/d/1vTOoerSW5JAttcZP3R0eIJf3txr77A4f,Resusci Baby First Aid,1,321,Task Trainers,Manikins
https://lh3.googleusercontent.com/d/1fczj-Vpd49CvNeRbz7oVpbSOjNSk5tZ9,Baby Umbi,1,322,Task Trainers,Manikins
https://lh3.googleusercontent.com/d/1dYQV1oG-pCLuX-VPEi1TW2x7jLXp8VtW,Resusci Anne First Aid Full Body,1,324,Task Trainers,Manikins
https://lh3.googleusercontent.com/d/1K07GM1NT4A46yMxrU5dldM0UfS_JmRHG,Lumbar Puncture Baby,1,325,Task Trainers,Circulation
https://lh3.googleusercontent.com/d/1Eu3aNVsVtIMCNKQT7HdFZXbelR_pi55B,Intraosseous Access Knee Injection,1,326,Task Trainers,Circulation
https://lh3.googleusercontent.com/d/17Ak4GRToAB4TNOCjvjigqnOGKn2HqJSr,Left IO Leg Infant,1,327,Task Trainers,Circulation
https://lh3.googleusercontent.com/d/1jwfWDO3c-wAPH_AqDjGZ7HETwp1daP4S,Pediatric Intraosseous Leg,1,328,Task Trainers,Circulation
https://lh3.googleusercontent.com/d/1sqQEs81UUgdv2aqrhWhrptd1UqiMKZEd,TruBaby X,1,329,Task Trainers,Manikins
https://lh3.googleusercontent.com/d/10CcOHQsmcjtnG5c3YDAyuMnDIXupZGYP,Defib Cart,2,401,Medical Devices,Carts
https://lh3.googleusercontent.com/d/1HJ5C6tFaWZ4V_xX4BXZ3pZNJ9UFqCP1n,WOW,4,402,Medical Devices,Electronics
https://lh3.googleusercontent.com/d/1uE3KT6KX6LbVhnkxdztx2DrTMfkotpCz,Zoll Defibrilator,1,403,Medical Devices,Circulation
https://lh3.googleusercontent.com/d/18wl6hriwUSuccXErRx9rq2ksqMjIEJLd,Ambu® SPUR® II – Disposable Resuscitator,1,405,Medical Devices,Breathing
https://lh3.googleusercontent.com/d/1J-gcxkWS5TARcoFGqE9MaZ8D9ZKB_XoC,ZOLL Adult A/A Pads - Real Demo - For Training Purposes Only,1,406,Medical Devices,Circulation
https://lh3.googleusercontent.com/d/1LttHcklUoUoeeIA6TAIiksG4paF_GlaP,ZOLL Pediatric A/A Pads - Real Demo - For Training Purposes Only,1,407,Medical Devices,Circulation
https://lh3.googleusercontent.com/d/16tTAkCu2AlO2-ouXl9eZfdFNQBgbvOso,ShockLink System,1,408,Simulated Equipment,App
https://lh3.googleusercontent.com/d/1EhHme1VhbgXK2SNT6eBEalTTXGWoRUWz,Mock Thermometer,1,409,Simulated Equipment,Prop
https://lh3.googleusercontent.com/d/15Y94Vj0wuTDfiCgo9VuCNzxi-Ngi-UGL,C Spine Hard Collar,1,410,Medical Devices,Prop
https://lh3.googleusercontent.com/d/1Reosewo6GyxZy9WVPhxY1XbN9hA07Xdd,Rhythm Generator 12-Lead ECG Simulator,1,411,Simulated Equipment,App
https://lh3.googleusercontent.com/d/1Ic3II0Ws4fHppzGeeI4_C-V0VDU2jtik,Mock Blood and Plasma Products,1,412,Simulated Equipment,Prop
https://lh3.googleusercontent.com/d/1icE6AGxNoBsxJ-sNWTE5ZcWkq8zC16Xu,Verathon GlideScope Monitor with Baton,1,413,Medical Devices,Circulation
https://lh3.googleusercontent.com/d/1WqOLOb_kcO6pQbgSFD3A5sTAqjKMAt73,Manikin Attire,1,414,Simulated Equipment,Prop
https://lh3.googleusercontent.com/d/1bueXwknZzirka7WdfRenyVOkWQgK2ghw,BD Bard Site Rite 6,1,415,Medical Devices,Circulation
https://lh3.googleusercontent.com/d/1OwMFkoPFDh4Z5WiQW78NqSmJOhz5Xst2,IV Pole,6,416,Medical Devices,Circulation
https://lh3.googleusercontent.com/d/1r1uzTYkctzsGZM_pTke5zbAfMytOMz2J,Arrow EZ-IO Intraosseous Vascular Access System,4,417,Medical Devices,Circulation
https://lh3.googleusercontent.com/d/1DqRlYQFBdxITy-XHyIUV3eIxvfqEGMoY,Surgical Step Stools Stackable and Interlock,22,418,Medical Devices,BLS
https://lh3.googleusercontent.com/d/1-ORKM0fDJV_aHeRi42l46dH05iLUthPe,Hospital Stretcher,10,419,Medical Devices,Carts
https://lh3.googleusercontent.com/d/1CIMi9QaJ2yI3fFhA_CDET3cHnUqz3kX4,Pediatric Crib,1,420,Medical Devices,Carts
https://lh3.googleusercontent.com/d/1LHJAc72m4jHw3Dn9wYpPZjxXtiEQwkgW,Blood Clots,4,421,Simulated Equipment,Prop
https://lh3.googleusercontent.com/d/1KN3PS2SuhqtaaScshx6LcHd4PTqg_yUl,Scrubs Sizes S M L XL,1,422,Medical Devices,Prop
https://lh3.googleusercontent.com/d/11qnwzgiRK_MHFwWG5_JSDo8VK3i0ThHH,SkillGuide,1,423,Task Trainers,BLS
https://lh3.googleusercontent.com/d/1Iy6mwGuk0ivrLdJdXPB88F3-cPi4Ornj,Mini AED Trainer,1,502,Simulated Equipment,Circulation
https://lh3.googleusercontent.com/d/1wTyLTVdtgH-2yKSI8LreTofa8NzahtpA,ABC Box,2,503,Simulated Equipment,Breathing
https://lh3.googleusercontent.com/d/1RleskjGQtKztzvjM53VUP6thSrwz_hBS,Jabra 750 speaker ,7,601,Technology,Electronics
https://lh3.googleusercontent.com/d/1KtT7JBeyY0Rp3zcHgea52NygiNa8oNcg,Jabra Panacast Webcam,3,602,Technology,Electronics
https://lh3.googleusercontent.com/d/1qew6AdmVc_9VQeiXuwWSzRLoGR2cNTy4,Jabra Speaker 510 ,2,603,Technology,Electronics
https://lh3.googleusercontent.com/d/10glwZ5cuPrFa8W8VjmQv4A1QOGJfLQnm,iPad 9,0,604,Technology,Electronics
https://lh3.googleusercontent.com/d/1-LTnJVNnjxLiT2kSXlhZb7lOCP15MW-X,iPad mini,0,605,Technology,Electronics
https://lh3.googleusercontent.com/d/1N__oFLHnq2p38LA5AfdIEG_hedG19Dt4,Surface pro 7 ,2,607,Technology,Electronics
https://lh3.googleusercontent.com/d/1J32N-KJPySw2x6Aii6U67OanqEB096Cl,Surface Pro 9,2,608,Technology,Electronics
https://lh3.googleusercontent.com/d/1hBS5OzaAFfRuc3djjlJR-izKLYZ5BnrR,BenQ HT2050A 1080P Home Theater Projector,1,609,Technology,Electronics
https://lh3.googleusercontent.com/d/1nGBx_xoB4cccF5ysw4ln6j4qlDCDrqHn,Fujitsu Tablet PC,4,610,Technology,Electronics
https://lh3.googleusercontent.com/d/1zbjHDGyWiE5EQwswaMpl-kiqxuAXCUy9,Debrief Room A,1,E616,Rooms,Debrief Rooms
https://lh3.googleusercontent.com/d/1oZckN4RNm1P9XtvS3IJK918fqkxOxJp0,Sim Room 1 E617,1,E617,Rooms,Simulation Rooms
https://lh3.googleusercontent.com/d/1k1VAG1S-rdcakJxYNOFidZkMVD-lKowZ,Debrief Room B E618,1,E618,Rooms,Debrief Rooms
https://lh3.googleusercontent.com/d/1np3j_y7BHxzstpj0LZg15UbW5B7esJod,Sim Room 2 E619,1,E619,Rooms,Simulation Rooms
https://lh3.googleusercontent.com/d/1FCUVx7qASO4B_o0mKmdBfHdzv1jdrfZC,Sim Room 3 E621,1,E621,Rooms,Simulation Rooms
https://lh3.googleusercontent.com/d/1NhefKsugwXQUVWlF5wmJDDg67fpfdtIO,Sim Room 4 E625,1,E625,Rooms,Simulation Rooms
https://lh3.googleusercontent.com/d/1-xibhZ4Hzo1zYQatB3u4wh8bJKHZeW56,Debrief Room C E626,1,E626,Rooms,Classrooms
https://lh3.googleusercontent.com/d/1TwOHFEHHyfPIWov04tTrT7-f0qr63roG,Debrief Room D E627,1,E627,Rooms,Debrief Rooms
